Customer ID,Food ID,Food Item,Price,First Name,Last Name,Gender,Company,Occupation
537,9,Donut,0.99,Cheryl,Carroll,Female,Zoombeat,Registered Nurse
97,4,Quesadilla,4.25,Amanda,Watkins,Female,Ozu,Account Coordinator
658,1,Sushi,3.99,Patrick,Webb,Male,Browsebug,Community Outreach Specialist
202,2,Burrito,9.99,Louis,Campbell,Male,Rhynoodle,Account Representative III
155,9,Donut,0.99,Carolyn,Diaz,Female,Gigazoom,Database Administrator III
213,8,Salad,11.25,Keith,Foster,Male,Gigashots,VP Quality Control
600,1,Sushi,3.99,Sandra,Bailey,Female,Jaxnation,Sales Associate
503,5,Pizza,2.49,Justin,Daniels,Male,Oloo,Environmental Tech
71,3,Taco,2.99,Carolyn,Reyes,Female,Twimbo,Safety Technician IV
174,3,Taco,2.99,Anna,Miller,Female,Innojam,Developer I
961,9,Donut,0.99,Ralph,Richards,Male,Thoughtstorm,Accountant I
966,5,Pizza,2.49,Robert,Ford,Male,Jabbertype,Account Representative IV
641,4,Quesadilla,4.25,Donna,Gutierrez,Female,Dabtype,Assistant Professor
288,2,Burrito,9.99,Kenneth,Jackson,Male,Voomm,Associate Professor
149,4,Quesadilla,4.25,Jennifer,Oliver,Female,Topiclounge,Database Administrator III
954,2,Burrito,9.99,Thomas,Perkins,Male,Roodel,Account Executive
147,9,Donut,0.99,Theresa,Morales,Female,Abata,Occupational Therapist
155,1,Sushi,3.99,Carolyn,Diaz,Female,Gigazoom,Database Administrator III
550,6,Pasta,13.99,Walter,Miller,Male,Yata,Payment Adjustment Coordinator
101,7,Steak,24.99,Jeremy,Nelson,Male,Brainlounge,Web Developer IV
549,6,Pasta,13.99,Harold,Rivera,Male,Topdrive,Cost Accountant
75,6,Pasta,13.99,Catherine,Carpenter,Female,Zoozzy,Marketing Manager
78,7,Steak,24.99,Robert,Kennedy,Male,Edgewire,Chemical Engineer
514,5,Pizza,2.49,Jack,Hill,Male,Blogtags,Assistant Professor
833,7,Steak,24.99,Carolyn,Dunn,Female,Yadel,Recruiter
329,8,Salad,11.25,Amanda,Nguyen,Female,Meezzy,Associate Professor
586,10,Drink,1.75,Doris,Mcdonald,Female,Youfeed,Marketing Assistant
341,1,Sushi,3.99,Rachel,Robinson,Female,Twinder,Safety Technician IV
519,10,Drink,1.75,Lillian,Rogers,Female,Eazzy,Paralegal
680,9,Donut,0.99,Irene,Gordon,Female,Voolith,Database Administrator II
419,7,Steak,24.99,Ruby,Nguyen,Female,Edgeblab,Senior Quality Engineer
20,1,Sushi,3.99,Lisa,Rice,Female,Oloo,Programmer IV
822,6,Pasta,13.99,Terry,Chavez,Male,Thoughtworks,Payment Adjustment Coordinator
226,10,Drink,1.75,George,Adams,Male,Bubbletube,Administrative Officer
203,2,Burrito,9.99,Annie,Lane,Female,Skyble,Marketing Manager
77,1,Sushi,3.99,Lori,Edwards,Female,Dabvine,Sales Representative
628,4,Quesadilla,4.25,David,Gardner,Male,Jetwire,Software Consultant
296,9,Donut,0.99,Willie,Hughes,Male,Livetube,Operator
821,9,Donut,0.99,Sharon,White,Female,Fivespan,Quality Engineer
697,8,Salad,11.25,Philip,Harris,Male,Browsezoom,Social Worker
264,7,Steak,24.99,Sean,Brown,Male,Shuffledrive,Sales Associate
477,9,Donut,0.99,Bruce,Matthews,Male,Eayo,Community Outreach Specialist
524,4,Quesadilla,4.25,Shirley,Rodriguez,Female,Meevee,Internal Auditor
121,3,Taco,2.99,Keith,Thompson,Male,Zoonoodle,Chief Design Engineer
290,7,Steak,24.99,Patrick,James,Male,Divavu,Analyst Programmer
100,1,Sushi,3.99,Lois,Howard,Female,Voomm,Systems Administrator IV
260,6,Pasta,13.99,Tammy,Garcia,Female,Tazz,Programmer Analyst II
798,9,Donut,0.99,Kelly,Taylor,Female,Meejo,Design Engineer
462,3,Taco,2.99,Anne,Lopez,Female,Mydo,Mechanical Systems Engineer
896,7,Steak,24.99,Jeffrey,Lawson,Male,Jabbersphere,Desktop Support Technician
953,1,Sushi,3.99,Dennis,Fuller,Male,Yozio,Account Coordinator
682,10,Drink,1.75,Jessica,Hawkins,Female,Photojam,VP Product Management
809,7,Steak,24.99,Lisa,Ellis,Female,Twitterworks,Quality Control Specialist
450,10,Drink,1.75,Matthew,Payne,Male,Zooxo,Nuclear Power Engineer
772,7,Steak,24.99,Sarah,Ortiz,Female,Meedoo,Administrative Assistant III
304,3,Taco,2.99,Margaret,Cruz,Female,Jaxnation,Automation Specialist III
159,6,Pasta,13.99,Mary,Black,Female,Topicshots,Business Systems Development Analyst
189,4,Quesadilla,4.25,Roger,Gordon,Male,Skilith,Operator
876,2,Burrito,9.99,Irene,Ferguson,Female,Podcat,Civil Engineer
864,8,Salad,11.25,Alice,Lewis,Female,Skipstorm,Sales Representative
799,8,Salad,11.25,Kathy,Russell,Female,Vimbo,Geologist IV
68,6,Pasta,13.99,Paul,Dunn,Male,Devpoint,Research Associate
812,8,Salad,11.25,Joan,Carpenter,Female,Jaxbean,Research Assistant II
30,2,Burrito,9.99,Pamela,Hicks,Female,Ntags,Cost Accountant
921,2,Burrito,9.99,Anthony,Jordan,Male,Katz,Statistician III
941,6,Pasta,13.99,Carolyn,Garcia,Female,Feedfish,Food Chemist
108,3,Taco,2.99,Adam,Ferguson,Male,Npath,Actuary
315,4,Quesadilla,4.25,Frank,Garza,Male,Voolia,Sales Associate
358,10,Drink,1.75,Antonio,Bowman,Male,Centizu,Systems Administrator IV
249,9,Donut,0.99,Anthony,Carpenter,Male,Shuffletag,Health Coach I
491,9,Donut,0.99,Anna,Perkins,Female,Zazio,Quality Engineer
110,8,Salad,11.25,Randy,Fuller,Male,Browsebug,Nurse
737,3,Taco,2.99,Patricia,Cox,Female,Camimbo,Geological Engineer
836,6,Pasta,13.99,Rachel,Willis,Female,Chatterbridge,Community Outreach Specialist
749,9,Donut,0.99,Cheryl,Mccoy,Female,Blogtag,Food Chemist
758,8,Salad,11.25,John,Gutierrez,Male,Brainbox,Internal Auditor
527,3,Taco,2.99,Daniel,Scott,Male,Riffpedia,Librarian
677,10,Drink,1.75,Richard,Martin,Male,Gabtype,Analog Circuit Design manager
741,3,Taco,2.99,Diana,Welch,Female,Eayo,Occupational Therapist
540,3,Taco,2.99,Jessica,Hicks,Female,Cogibox,Structural Analysis Engineer
433,7,Steak,24.99,Mildred,Wilson,Female,Rhynoodle,Speech Pathologist
250,10,Drink,1.75,Scott,Stewart,Male,Eidel,Recruiter
504,1,Sushi,3.99,Keith,Jones,Male,Centidel,Marketing Assistant
819,4,Quesadilla,4.25,Kathryn,Owens,Female,Oyonder,Systems Administrator I
910,7,Steak,24.99,Marie,Dixon,Female,Roomm,VP Sales
351,10,Drink,1.75,Betty,Kennedy,Female,Dazzlesphere,Clinical Specialist
282,7,Steak,24.99,Lawrence,Gutierrez,Male,Yozio,Software Engineer IV
117,5,Pizza,2.49,Shawn,Green,Male,Realcube,Occupational Therapist
937,10,Drink,1.75,Sharon,Mcdonald,Female,Eimbee,Recruiting Manager
63,6,Pasta,13.99,Mildred,Hamilton,Female,Devshare,Data Coordiator
144,2,Burrito,9.99,Jerry,Owens,Male,LiveZ,Associate Professor
393,7,Steak,24.99,Mary,Carroll,Female,Gigaclub,Statistician III
380,7,Steak,24.99,Martha,Payne,Female,Quinu,Assistant Media Planner
515,7,Steak,24.99,Michael,Stanley,Male,Wikizz,Speech Pathologist
233,3,Taco,2.99,Robin,Lopez,Female,Wordpedia,Editor
357,3,Taco,2.99,Brandon,Weaver,Male,Gigashots,Geological Engineer
3,2,Burrito,9.99,Roger,Black,Male,Tagfeed,Account Executive
875,2,Burrito,9.99,Jesse,Sullivan,Male,Mymm,Operator
352,6,Pasta,13.99,Billy,Long,Male,Twinte,Technical Writer
93,3,Taco,2.99,Melissa,Mcdonald,Female,Livefish,Desktop Support Technician
323,1,Sushi,3.99,Julie,Edwards,Female,Skidoo,Geologist II
21,4,Quesadilla,4.25,Albert,Burns,Male,Rhynoodle,Junior Executive
64,10,Drink,1.75,Beverly,Reed,Female,Vidoo,Web Designer IV
912,10,Drink,1.75,Kenneth,Kelly,Male,Skibox,Recruiting Manager
327,6,Pasta,13.99,Deborah,Franklin,Female,Rhyloo,Physical Therapy Assistant
399,2,Burrito,9.99,Gregory,Cruz,Male,Trudoo,VP Marketing
459,6,Pasta,13.99,James,Williamson,Male,Edgeify,Geological Engineer
418,7,Steak,24.99,Marie,Kelley,Female,Edgeblab,Account Executive
669,3,Taco,2.99,Brian,Bryant,Male,Browsedrive,Data Coordiator
259,9,Donut,0.99,Janice,Wilson,Female,Edgeify,Developer I
816,7,Steak,24.99,Rebecca,Mendoza,Female,Mybuzz,Web Developer III
761,9,Donut,0.99,Stephanie,Olson,Female,Rhynoodle,Web Developer IV
410,7,Steak,24.99,Jeffrey,Johnson,Male,Jazzy,Compensation Analyst
304,2,Burrito,9.99,Margaret,Cruz,Female,Jaxnation,Automation Specialist III
772,10,Drink,1.75,Sarah,Ortiz,Female,Meedoo,Administrative Assistant III
80,2,Burrito,9.99,George,Mason,Male,Jaxworks,Engineer I
363,9,Donut,0.99,Barbara,Howard,Female,Linkbuzz,Speech Pathologist
504,5,Pizza,2.49,Keith,Jones,Male,Centidel,Marketing Assistant
728,6,Pasta,13.99,Ruth,Reynolds,Female,Eazzy,Compensation Analyst
71,8,Salad,11.25,Carolyn,Reyes,Female,Twimbo,Safety Technician IV
479,6,Pasta,13.99,Juan,Campbell,Male,Wikizz,VP Quality Control
922,1,Sushi,3.99,Willie,Payne,Male,Devify,Assistant Media Planner
244,2,Burrito,9.99,Walter,Cruz,Male,Oyoba,Nurse
319,9,Donut,0.99,Catherine,Schmidt,Female,Livefish,Web Designer I
909,1,Sushi,3.99,Cheryl,Davis,Female,Edgeify,Health Coach IV
919,10,Drink,1.75,Ronald,Welch,Male,Avamba,Help Desk Technician
51,2,Burrito,9.99,Gloria,Kelly,Female,Agimba,Software Test Engineer IV
26,9,Donut,0.99,Michelle,Kelly,Female,Twitterbeat,Programmer Analyst I
472,8,Salad,11.25,Jane,Gonzales,Female,Jabbersphere,Software Engineer II
77,9,Donut,0.99,Lori,Edwards,Female,Dabvine,Sales Representative
608,6,Pasta,13.99,Rose,Brooks,Female,Zooxo,Technical Writer
160,5,Pizza,2.49,Alice,Sims,Female,Skivee,Chemical Engineer
645,8,Salad,11.25,Johnny,Wilson,Male,Skilith,Marketing Manager
574,10,Drink,1.75,Lisa,Stone,Female,Riffpedia,Senior Editor
374,4,Quesadilla,4.25,Bobby,Ray,Male,Oloo,Business Systems Development Analyst
100,7,Steak,24.99,Lois,Howard,Female,Voomm,Systems Administrator IV
762,8,Salad,11.25,Howard,Hunter,Male,Jabberstorm,Physical Therapy Assistant
45,7,Steak,24.99,Earl,Marshall,Male,Agivu,Dental Hygienist
332,7,Steak,24.99,Terry,Thompson,Male,Yambee,Accountant II
338,10,Drink,1.75,Chris,Elliott,Male,Blogspan,Assistant Media Planner
140,8,Salad,11.25,Paula,West,Female,Roomm,Statistician IV
567,2,Burrito,9.99,Sandra,Murray,Female,Buzzbean,Librarian
602,1,Sushi,3.99,George,Coleman,Male,Katz,Geologist IV
10,2,Burrito,9.99,Steven,Ryan,Male,Twinder,Community Outreach Specialist
77,2,Burrito,9.99,Lori,Edwards,Female,Dabvine,Sales Representative
74,1,Sushi,3.99,Randy,Armstrong,Male,Devpulse,Senior Developer
1000,2,Burrito,9.99,Brian,Daniels,Male,Tazzy,Physical Therapy Assistant
529,7,Steak,24.99,Kathy,Rogers,Female,Yabox,Sales Representative
881,5,Pizza,2.49,Carl,Lawrence,Male,Fanoodle,Compensation Analyst
673,7,Steak,24.99,John,Pierce,Male,Trudoo,Web Developer II
107,2,Burrito,9.99,Melissa,Johnston,Female,Vinte,GIS Technical Architect
876,8,Salad,11.25,Irene,Ferguson,Female,Podcat,Civil Engineer
703,1,Sushi,3.99,Michael,Fernandez,Male,Skaboo,Senior Quality Engineer
225,10,Drink,1.75,Tammy,Hill,Female,Babbleset,Cost Accountant
962,1,Sushi,3.99,James,Murphy,Male,Tagchat,Payment Adjustment Coordinator
114,5,Pizza,2.49,Anne,Webb,Female,Teklist,Staff Scientist
250,7,Steak,24.99,Scott,Stewart,Male,Eidel,Recruiter
346,4,Quesadilla,4.25,Howard,Martinez,Male,Tavu,Tax Accountant
191,2,Burrito,9.99,Harold,Washington,Male,Kamba,Cost Accountant
331,2,Burrito,9.99,Eric,Elliott,Male,Skilith,Senior Financial Analyst
310,2,Burrito,9.99,Bobby,Sims,Male,Skynoodle,Marketing Manager
738,9,Donut,0.99,Gloria,Barnes,Female,Avaveo,Desktop Support Technician
427,7,Steak,24.99,Rachel,Reyes,Female,Brightbean,Community Outreach Specialist
331,5,Pizza,2.49,Eric,Elliott,Male,Skilith,Senior Financial Analyst
902,6,Pasta,13.99,Kelly,Hunter,Female,Fivespan,Compensation Analyst
867,9,Donut,0.99,Mark,Mason,Male,Photofeed,Human Resources Manager
385,5,Pizza,2.49,Doris,West,Female,Yata,VP Accounting
555,9,Donut,0.99,Marie,Ross,Female,Viva,Software Engineer IV
67,7,Steak,24.99,Donna,Cunningham,Female,Mita,Tax Accountant
138,4,Quesadilla,4.25,George,Fisher,Male,Topicblab,Analog Circuit Design manager
775,5,Pizza,2.49,Carolyn,Gardner,Female,Dabjam,GIS Technical Architect
833,3,Taco,2.99,Carolyn,Dunn,Female,Yadel,Recruiter
648,5,Pizza,2.49,Patrick,Frazier,Male,Plajo,Legal Assistant
475,10,Drink,1.75,Jose,Taylor,Male,Midel,VP Sales
483,6,Pasta,13.99,Gregory,Nichols,Male,Digitube,Teacher
968,1,Sushi,3.99,Teresa,Reynolds,Female,Flashdog,Budget/Accounting Analyst IV
203,3,Taco,2.99,Annie,Lane,Female,Skyble,Marketing Manager
313,9,Donut,0.99,Harry,Gomez,Male,Rhyzio,Recruiting Manager
263,8,Salad,11.25,Larry,Hawkins,Male,Meembee,Staff Accountant III
871,5,Pizza,2.49,Stephen,Scott,Male,Devshare,Graphic Designer
747,5,Pizza,2.49,Janet,Hunter,Female,Zoombox,Junior Executive
38,4,Quesadilla,4.25,Anthony,Flores,Male,Shufflebeat,Geological Engineer
190,9,Donut,0.99,Russell,Mccoy,Male,Geba,Graphic Designer
348,6,Pasta,13.99,Melissa,Ross,Female,Snaptags,Paralegal
226,3,Taco,2.99,George,Adams,Male,Bubbletube,Administrative Officer
167,9,Donut,0.99,Joe,Duncan,Male,Layo,Senior Quality Engineer
671,8,Salad,11.25,Martin,Hawkins,Male,Blogpad,Computer Systems Analyst IV
190,1,Sushi,3.99,Russell,Mccoy,Male,Geba,Graphic Designer
909,4,Quesadilla,4.25,Cheryl,Davis,Female,Edgeify,Health Coach IV
501,6,Pasta,13.99,Michelle,Nguyen,Female,Centidel,Speech Pathologist
406,2,Burrito,9.99,Phyllis,Reed,Female,Edgetag,VP Accounting
47,8,Salad,11.25,Louise,Collins,Female,Wikizz,Legal Assistant
482,3,Taco,2.99,Cheryl,Hunt,Female,Linklinks,Senior Developer
163,1,Sushi,3.99,Lisa,Palmer,Female,Shufflebeat,Food Chemist
991,2,Burrito,9.99,Melissa,Wells,Female,Lazzy,Senior Sales Associate
539,6,Pasta,13.99,Martha,Franklin,Female,Snaptags,Administrative Assistant IV
53,2,Burrito,9.99,Ruby,Phillips,Female,Muxo,Analyst Programmer
51,10,Drink,1.75,Gloria,Kelly,Female,Agimba,Software Test Engineer IV
348,9,Donut,0.99,Melissa,Ross,Female,Snaptags,Paralegal
321,1,Sushi,3.99,Beverly,Fuller,Female,Gabcube,Engineer II
493,9,Donut,0.99,Jane,Weaver,Female,Quimm,Civil Engineer
650,9,Donut,0.99,Susan,Fernandez,Female,Wordpedia,Nurse
310,1,Sushi,3.99,Bobby,Sims,Male,Skynoodle,Marketing Manager
848,6,Pasta,13.99,Virginia,Oliver,Female,Zazio,Research Associate
307,9,Donut,0.99,Lori,Washington,Female,Skinte,Electrical Engineer
798,1,Sushi,3.99,Kelly,Taylor,Female,Meejo,Design Engineer
606,7,Steak,24.99,Christina,Morgan,Female,Yodoo,Dental Hygienist
100,4,Quesadilla,4.25,Lois,Howard,Female,Voomm,Systems Administrator IV
783,6,Pasta,13.99,Phyllis,Meyer,Female,Voolia,Information Systems Manager
985,5,Pizza,2.49,Julia,Ortiz,Female,Kwideo,Structural Analysis Engineer
123,6,Pasta,13.99,Craig,Cruz,Male,Latz,Editor
809,10,Drink,1.75,Lisa,Ellis,Female,Twitterworks,Quality Control Specialist
21,4,Quesadilla,4.25,Albert,Burns,Male,Rhynoodle,Junior Executive
764,9,Donut,0.99,Rebecca,Hanson,Female,Topicware,Junior Executive
92,1,Sushi,3.99,Justin,Roberts,Male,Twitterlist,Assistant Manager
386,6,Pasta,13.99,Kevin,Vasquez,Male,Gigabox,Geologist II
331,3,Taco,2.99,Eric,Elliott,Male,Skilith,Senior Financial Analyst
62,5,Pizza,2.49,Andrew,Tucker,Male,Leenti,Structural Analysis Engineer
91,8,Salad,11.25,Theresa,Adams,Female,Brainverse,Junior Executive
368,6,Pasta,13.99,Jason,Barnes,Male,Skipfire,Staff Accountant I
147,8,Salad,11.25,Theresa,Morales,Female,Abata,Occupational Therapist
745,4,Quesadilla,4.25,Nicole,Garza,Female,Topiczoom,General Manager
184,3,Taco,2.99,Jesse,Edwards,Male,Zoombeat,Administrative Officer
828,8,Salad,11.25,Mary,Payne,Female,Oyonder,Assistant Media Planner
578,5,Pizza,2.49,Donald,Matthews,Male,Fiveclub,Physical Therapy Assistant
491,4,Quesadilla,4.25,Anna,Perkins,Female,Zazio,Quality Engineer
62,4,Quesadilla,4.25,Andrew,Tucker,Male,Leenti,Structural Analysis Engineer
77,9,Donut,0.99,Lori,Edwards,Female,Dabvine,Sales Representative
506,9,Donut,0.99,Mildred,Mendoza,Female,Vitz,Environmental Tech
271,9,Donut,0.99,Beverly,Ward,Female,Brainbox,Automation Specialist II
584,10,Drink,1.75,Jeffrey,Simmons,Male,Flipstorm,Chemical Engineer
148,5,Pizza,2.49,Patricia,Reid,Female,Shuffledrive,Analog Circuit Design manager
595,3,Taco,2.99,Bruce,Kennedy,Male,Mydo,Recruiter
274,10,Drink,1.75,Gary,Reid,Male,Fivespan,Executive Secretary
646,1,Sushi,3.99,Wanda,Lane,Female,Twiyo,Help Desk Technician
520,8,Salad,11.25,Melissa,Wallace,Female,Skyvu,Administrative Officer
644,8,Salad,11.25,Louis,Brooks,Male,Nlounge,VP Quality Control
725,8,Salad,11.25,Carol,Russell,Female,BlogXS,Pharmacist
934,4,Quesadilla,4.25,Joseph,Burton,Male,Leexo,Compensation Analyst
151,10,Drink,1.75,Brandon,Oliver,Male,Voomm,Internal Auditor
945,5,Pizza,2.49,Anne,Reed,Female,Twitterworks,Director of Sales
343,3,Taco,2.99,Joe,Price,Male,Fanoodle,Marketing Manager
380,9,Donut,0.99,Martha,Payne,Female,Quinu,Assistant Media Planner
911,4,Quesadilla,4.25,Patrick,Reed,Male,Jabberstorm,Senior Quality Engineer
621,9,Donut,0.99,Amy,Long,Female,Skidoo,Research Associate
413,9,Donut,0.99,Diane,Bailey,Female,Wikibox,Technical Writer
926,6,Pasta,13.99,Anne,Wagner,Female,Skyba,Legal Assistant
134,3,Taco,2.99,Diana,Hall,Female,Quinu,Financial Advisor
396,6,Pasta,13.99,Juan,Romero,Male,Zoonder,Analyst Programmer
535,10,Drink,1.75,Nancy,Cox,Female,Trudeo,Research Associate
688,10,Drink,1.75,Carl,Williamson,Male,Thoughtmix,Graphic Designer
813,7,Steak,24.99,Johnny,Walker,Male,Kayveo,Developer II
495,10,Drink,1.75,Deborah,Little,Female,Babbleblab,VP Accounting
189,5,Pizza,2.49,Roger,Gordon,Male,Skilith,Operator
267,3,Taco,2.99,Matthew,Wood,Male,Agimba,Product Engineer
310,5,Pizza,2.49,Bobby,Sims,Male,Skynoodle,Marketing Manager
761,2,Burrito,9.99,Stephanie,Olson,Female,Rhynoodle,Web Developer IV
443,5,Pizza,2.49,Robert,Thompson,Male,Oozz,Teacher
729,9,Donut,0.99,Roger,Lawrence,Male,Wikizz,Web Designer I
741,8,Salad,11.25,Diana,Welch,Female,Eayo,Occupational Therapist
847,6,Pasta,13.99,Irene,Owens,Female,Yabox,Accountant II
156,10,Drink,1.75,Stephanie,Kelly,Female,Youopia,Automation Specialist III
550,7,Steak,24.99,Walter,Miller,Male,Yata,Payment Adjustment Coordinator
620,10,Drink,1.75,Anne,Hill,Female,Dabshots,Recruiter
272,4,Quesadilla,4.25,Jacqueline,Olson,Female,Gigashots,Director of Sales
511,2,Burrito,9.99,Phyllis,Morgan,Female,Eimbee,Environmental Specialist
8,6,Pasta,13.99,Frances,Adams,Female,Dabshots,Developer III
534,7,Steak,24.99,Carl,Butler,Male,Npath,Office Assistant I
909,6,Pasta,13.99,Cheryl,Davis,Female,Edgeify,Health Coach IV
732,9,Donut,0.99,Daniel,Grant,Male,Riffpath,Nurse Practicioner
372,4,Quesadilla,4.25,Steve,Robinson,Male,Zoomlounge,Dental Hygienist
713,1,Sushi,3.99,Kenneth,Schmidt,Male,Skyble,Financial Analyst
496,3,Taco,2.99,Brian,Murray,Male,Abatz,Senior Sales Associate
381,9,Donut,0.99,Charles,Torres,Male,Tazzy,Food Chemist
13,2,Burrito,9.99,Ruth,Alvarez,Female,Twitterlist,Mechanical Systems Engineer
101,4,Quesadilla,4.25,Jeremy,Nelson,Male,Brainlounge,Web Developer IV
325,7,Steak,24.99,Evelyn,Powell,Female,Gabtype,Senior Developer
674,2,Burrito,9.99,Brenda,Gonzales,Female,Jabbersphere,Safety Technician III
564,8,Salad,11.25,Timothy,Bowman,Male,Oloo,Director of Sales
578,5,Pizza,2.49,Donald,Matthews,Male,Fiveclub,Physical Therapy Assistant
21,4,Quesadilla,4.25,Albert,Burns,Male,Rhynoodle,Junior Executive
755,7,Steak,24.99,Janice,Schmidt,Female,Muxo,Nurse
509,7,Steak,24.99,Tammy,Cole,Female,Trunyx,Librarian
639,2,Burrito,9.99,Gerald,Bradley,Male,Fatz,Assistant Professor
170,2,Burrito,9.99,Juan,Fields,Male,Voomm,Safety Technician IV
668,3,Taco,2.99,Diana,Bryant,Female,Jabbersphere,Pharmacist
321,3,Taco,2.99,Beverly,Fuller,Female,Gabcube,Engineer II
629,2,Burrito,9.99,Lillian,Alvarez,Female,Ntag,Human Resources Assistant III
767,6,Pasta,13.99,Jesse,Reynolds,Male,Browseblab,Assistant Media Planner
799,7,Steak,24.99,Kathy,Russell,Female,Vimbo,Geologist IV
253,8,Salad,11.25,Amy,Lawson,Female,Browseblab,Compensation Analyst
473,1,Sushi,3.99,Marilyn,Morrison,Female,Thoughtbeat,Human Resources Manager
537,5,Pizza,2.49,Cheryl,Carroll,Female,Zoombeat,Registered Nurse
343,5,Pizza,2.49,Joe,Price,Male,Fanoodle,Marketing Manager
761,3,Taco,2.99,Stephanie,Olson,Female,Rhynoodle,Web Developer IV
922,1,Sushi,3.99,Willie,Payne,Male,Devify,Assistant Media Planner
780,6,Pasta,13.99,Sean,Fernandez,Male,Bubblebox,Compensation Analyst
198,10,Drink,1.75,Gary,Russell,Male,Bubblebox,Software Test Engineer I
937,10,Drink,1.75,Sharon,Mcdonald,Female,Eimbee,Recruiting Manager
479,3,Taco,2.99,Juan,Campbell,Male,Wikizz,VP Quality Control
706,7,Steak,24.99,Paul,Harvey,Male,Buzzster,Graphic Designer
281,6,Pasta,13.99,Amanda,Butler,Female,Skyble,Research Assistant IV
726,7,Steak,24.99,Deborah,Cook,Female,Flashdog,Geologist IV
343,2,Burrito,9.99,Joe,Price,Male,Fanoodle,Marketing Manager
277,3,Taco,2.99,Carol,Gilbert,Female,Nlounge,VP Marketing
969,3,Taco,2.99,Marie,Ortiz,Female,Meejo,Research Associate
543,4,Quesadilla,4.25,Robert,Martin,Male,Tavu,Community Outreach Specialist
275,8,Salad,11.25,Denise,Green,Female,Trunyx,Software Test Engineer IV
787,7,Steak,24.99,Jessica,Roberts,Female,Riffpath,Mechanical Systems Engineer
424,4,Quesadilla,4.25,Anthony,Patterson,Male,Yata,Senior Developer
612,6,Pasta,13.99,Ann,Campbell,Female,Brainlounge,Staff Accountant IV
379,9,Donut,0.99,Adam,West,Male,Edgewire,Actuary
647,1,Sushi,3.99,Brenda,Duncan,Female,Leenti,Administrative Officer
942,3,Taco,2.99,Deborah,Morgan,Female,Browsebug,Tax Accountant
528,10,Drink,1.75,Andrea,Patterson,Female,Dynabox,Account Executive
673,4,Quesadilla,4.25,John,Pierce,Male,Trudoo,Web Developer II
853,3,Taco,2.99,Deborah,Carpenter,Female,Youspan,Office Assistant I
111,3,Taco,2.99,Patrick,Morrison,Male,Eimbee,Mechanical Systems Engineer
736,8,Salad,11.25,Bobby,Hayes,Male,Centimia,Social Worker
503,8,Salad,11.25,Justin,Daniels,Male,Oloo,Environmental Tech
445,6,Pasta,13.99,Mark,Butler,Male,Quatz,Editor
580,10,Drink,1.75,Kimberly,Morris,Female,Photospace,Assistant Media Planner
670,6,Pasta,13.99,Christina,Webb,Female,Riffwire,Project Manager
359,6,Pasta,13.99,Ruth,Kim,Female,Tazz,Research Assistant I
132,8,Salad,11.25,Judith,Perez,Female,Jaxworks,Structural Engineer
819,5,Pizza,2.49,Kathryn,Owens,Female,Oyonder,Systems Administrator I
829,6,Pasta,13.99,John,Reyes,Male,Mydo,Web Designer I
928,10,Drink,1.75,Michael,Lopez,Male,Ailane,Nuclear Power Engineer
592,5,Pizza,2.49,Alan,Banks,Male,Fiveclub,Recruiting Manager
163,10,Drink,1.75,Lisa,Palmer,Female,Shufflebeat,Food Chemist
694,7,Steak,24.99,Frances,Lynch,Female,Topicware,General Manager
98,5,Pizza,2.49,Jean,Mills,Female,Fivebridge,Product Engineer
791,2,Burrito,9.99,Randy,Hart,Male,Innotype,Tax Accountant
398,5,Pizza,2.49,Victor,Hall,Male,Youspan,Senior Developer
709,4,Quesadilla,4.25,Joseph,Taylor,Male,Babbleopia,Geological Engineer
56,3,Taco,2.99,Anne,Berry,Female,Twinder,VP Sales
397,1,Sushi,3.99,Brenda,Ryan,Female,Oozz,Nurse Practicioner
239,6,Pasta,13.99,James,Carter,Male,Rhybox,Software Engineer II
304,3,Taco,2.99,Margaret,Cruz,Female,Jaxnation,Automation Specialist III
893,3,Taco,2.99,Adam,Lynch,Male,Jaloo,Programmer IV
581,1,Sushi,3.99,Anthony,Mcdonald,Male,Wikido,Help Desk Operator
693,3,Taco,2.99,Wayne,Patterson,Male,Thoughtstorm,Research Assistant III
827,4,Quesadilla,4.25,Keith,Price,Male,Gigabox,Food Chemist
815,6,Pasta,13.99,Barbara,Ruiz,Female,Yadel,Sales Representative
574,9,Donut,0.99,Lisa,Stone,Female,Riffpedia,Senior Editor
752,10,Drink,1.75,Gary,Dunn,Male,Photobug,Business Systems Development Analyst
596,8,Salad,11.25,Eric,Schmidt,Male,Meembee,VP Quality Control
489,9,Donut,0.99,Julie,Reed,Female,Flipbug,Junior Executive
792,4,Quesadilla,4.25,Louise,Stephens,Female,LiveZ,Computer Systems Analyst II
861,1,Sushi,3.99,Kenneth,Smith,Male,Latz,Research Assistant III
303,9,Donut,0.99,Ernest,Davis,Male,Zava,Administrative Officer
548,9,Donut,0.99,Andrea,Butler,Female,Dabtype,Human Resources Manager
517,2,Burrito,9.99,Justin,Edwards,Male,Tazz,Analyst Programmer
784,6,Pasta,13.99,Thomas,Bennett,Male,Edgepulse,Clinical Specialist
621,6,Pasta,13.99,Amy,Long,Female,Skidoo,Research Associate
529,10,Drink,1.75,Kathy,Rogers,Female,Yabox,Sales Representative
204,10,Drink,1.75,Daniel,Moreno,Male,Ntag,Registered Nurse
136,1,Sushi,3.99,Clarence,Fox,Male,Devshare,Graphic Designer
994,2,Burrito,9.99,Clarence,Morgan,Male,Edgewire,Geologist II
186,3,Taco,2.99,Norma,Johnson,Female,Fiveclub,Operator
253,7,Steak,24.99,Amy,Lawson,Female,Browseblab,Compensation Analyst
859,7,Steak,24.99,Evelyn,Hughes,Female,Fivechat,Clinical Specialist
496,8,Salad,11.25,Brian,Murray,Male,Abatz,Senior Sales Associate
423,2,Burrito,9.99,Carl,Kim,Male,Trupe,Help Desk Technician
211,4,Quesadilla,4.25,Emily,West,Female,Eimbee,Automation Specialist II
884,7,Steak,24.99,Christine,Weaver,Female,Meevee,Data Coordiator
81,10,Drink,1.75,Mildred,Fowler,Female,Fivechat,Operator
437,10,Drink,1.75,Rose,Mccoy,Female,Tagtune,Quality Control Specialist
526,1,Sushi,3.99,John,Lynch,Male,Avamm,Programmer I
951,5,Pizza,2.49,Angela,Sanders,Female,Dabtype,Research Assistant IV
508,4,Quesadilla,4.25,Louise,Andrews,Female,Dabtype,Compensation Analyst
236,5,Pizza,2.49,Christine,Lewis,Female,Oyoyo,Engineer IV
127,1,Sushi,3.99,Jesse,Henderson,Male,Eabox,Environmental Tech
198,7,Steak,24.99,Gary,Russell,Male,Bubblebox,Software Test Engineer I
877,10,Drink,1.75,Harry,Watkins,Male,Zoomdog,Computer Systems Analyst IV
816,2,Burrito,9.99,Rebecca,Mendoza,Female,Mybuzz,Web Developer III
666,9,Donut,0.99,Jessica,Lawson,Female,Lazzy,Environmental Specialist
415,5,Pizza,2.49,Jimmy,Bradley,Male,Twinte,Design Engineer
24,8,Salad,11.25,Donna,Thomas,Female,Jaxbean,Chief Design Engineer
720,1,Sushi,3.99,Earl,George,Male,Talane,Design Engineer
240,2,Burrito,9.99,Diane,Rogers,Female,Voonix,Librarian
919,8,Salad,11.25,Ronald,Welch,Male,Avamba,Help Desk Technician
459,1,Sushi,3.99,James,Williamson,Male,Edgeify,Geological Engineer
938,10,Drink,1.75,Steven,Reyes,Male,Jaxnation,Technical Writer
46,6,Pasta,13.99,Adam,Cole,Male,Trupe,Accountant III
458,9,Donut,0.99,Peter,Brooks,Male,Gabtune,Programmer II
630,6,Pasta,13.99,Randy,Henderson,Male,Tagpad,Design Engineer
75,4,Quesadilla,4.25,Catherine,Carpenter,Female,Zoozzy,Marketing Manager
287,5,Pizza,2.49,Sandra,Holmes,Female,Ailane,Civil Engineer
927,4,Quesadilla,4.25,Nicholas,Morris,Male,Linkbridge,Assistant Professor
522,8,Salad,11.25,Lisa,Williams,Female,Zoonder,Operator
805,8,Salad,11.25,Peter,Garcia,Male,Gabtune,Cost Accountant
365,6,Pasta,13.99,Russell,Garza,Male,Yadel,Actuary
257,1,Sushi,3.99,Albert,Scott,Male,Gigashots,Senior Quality Engineer
957,10,Drink,1.75,Shawn,George,Male,Browseblab,GIS Technical Architect
692,4,Quesadilla,4.25,Kenneth,Brooks,Male,Mycat,Associate Professor
547,10,Drink,1.75,Tina,Watkins,Female,Thoughtstorm,Accountant II
798,5,Pizza,2.49,Kelly,Taylor,Female,Meejo,Design Engineer
913,2,Burrito,9.99,Ryan,Simmons,Male,Eabox,Senior Financial Analyst
35,8,Salad,11.25,Nicole,Chapman,Female,Pixonyx,Electrical Engineer
968,4,Quesadilla,4.25,Teresa,Reynolds,Female,Flashdog,Budget/Accounting Analyst IV
222,10,Drink,1.75,Larry,Riley,Male,Aivee,Cost Accountant
122,2,Burrito,9.99,Martin,Hawkins,Male,Centizu,Assistant Manager
73,8,Salad,11.25,Kenneth,Miller,Male,Vimbo,Senior Editor
653,9,Donut,0.99,Randy,Foster,Male,Dabshots,Senior Editor
937,2,Burrito,9.99,Sharon,Mcdonald,Female,Eimbee,Recruiting Manager
171,2,Burrito,9.99,Julie,Pierce,Female,Eazzy,Systems Administrator IV
193,2,Burrito,9.99,Melissa,Kelley,Female,Cogilith,Paralegal
668,9,Donut,0.99,Diana,Bryant,Female,Jabbersphere,Pharmacist
996,10,Drink,1.75,Debra,Garcia,Female,Dazzlesphere,Structural Engineer
222,10,Drink,1.75,Larry,Riley,Male,Aivee,Cost Accountant
70,2,Burrito,9.99,Michelle,Bowman,Female,Gabvine,VP Marketing
77,7,Steak,24.99,Lori,Edwards,Female,Dabvine,Sales Representative
743,8,Salad,11.25,Harold,Mills,Male,Zoomzone,Marketing Assistant
589,4,Quesadilla,4.25,Matthew,Reyes,Male,Eabox,Engineer I
867,10,Drink,1.75,Mark,Mason,Male,Photofeed,Human Resources Manager
831,4,Quesadilla,4.25,Mary,Romero,Female,Agimba,Quality Engineer
905,1,Sushi,3.99,Richard,Fernandez,Male,Shuffletag,Librarian
977,7,Steak,24.99,Cynthia,Dixon,Female,Skalith,Automation Specialist II
746,10,Drink,1.75,Karen,Hernandez,Female,Devcast,Financial Analyst
922,2,Burrito,9.99,Willie,Payne,Male,Devify,Assistant Media Planner
866,9,Donut,0.99,Maria,Murray,Female,Thoughtworks,Design Engineer
746,10,Drink,1.75,Karen,Hernandez,Female,Devcast,Financial Analyst
495,6,Pasta,13.99,Deborah,Little,Female,Babbleblab,VP Accounting
486,6,Pasta,13.99,Janet,Bowman,Female,Edgetag,Safety Technician II
55,9,Donut,0.99,Ralph,Ford,Male,Browsezoom,Safety Technician IV
312,2,Burrito,9.99,Debra,Banks,Female,Voonder,Cost Accountant
604,3,Taco,2.99,Jacqueline,Olson,Female,Podcat,Structural Engineer
122,10,Drink,1.75,Martin,Hawkins,Male,Centizu,Assistant Manager
936,9,Donut,0.99,Matthew,Wagner,Male,Feedspan,Civil Engineer
503,9,Donut,0.99,Justin,Daniels,Male,Oloo,Environmental Tech
628,7,Steak,24.99,David,Gardner,Male,Jetwire,Software Consultant
55,4,Quesadilla,4.25,Ralph,Ford,Male,Browsezoom,Safety Technician IV
858,5,Pizza,2.49,Judith,Ferguson,Female,Dabfeed,Administrative Assistant III
175,6,Pasta,13.99,Ralph,White,Male,Muxo,Staff Accountant IV
530,7,Steak,24.99,Donald,Morales,Male,Blogpad,Financial Analyst
850,10,Drink,1.75,Elizabeth,Diaz,Female,Topiczoom,Speech Pathologist
681,10,Drink,1.75,Janice,Pierce,Female,Skimia,Structural Analysis Engineer
750,6,Pasta,13.99,Matthew,Boyd,Male,InnoZ,Chief Design Engineer
578,5,Pizza,2.49,Donald,Matthews,Male,Fiveclub,Physical Therapy Assistant
287,8,Salad,11.25,Sandra,Holmes,Female,Ailane,Civil Engineer
39,10,Drink,1.75,Teresa,Harrison,Female,Oba,Payment Adjustment Coordinator
458,3,Taco,2.99,Peter,Brooks,Male,Gabtune,Programmer II
30,4,Quesadilla,4.25,Pamela,Hicks,Female,Ntags,Cost Accountant
827,10,Drink,1.75,Keith,Price,Male,Gigabox,Food Chemist
462,8,Salad,11.25,Anne,Lopez,Female,Mydo,Mechanical Systems Engineer
361,6,Pasta,13.99,Russell,Nguyen,Male,Kazio,Administrative Assistant II
27,4,Quesadilla,4.25,Jessica,Bennett,Female,Twitternation,Account Executive
234,1,Sushi,3.99,Helen,Wallace,Female,Bubblebox,Financial Analyst
570,8,Salad,11.25,Steven,Rose,Male,Npath,Sales Representative
751,2,Burrito,9.99,Walter,Clark,Male,Brightdog,Software Engineer III
463,10,Drink,1.75,Kelly,Johnston,Female,Jayo,Administrative Assistant I
253,5,Pizza,2.49,Amy,Lawson,Female,Browseblab,Compensation Analyst
633,1,Sushi,3.99,Howard,Wallace,Male,Livefish,Associate Professor
622,9,Donut,0.99,Jennifer,Dixon,Female,Tagfeed,Analyst Programmer
959,4,Quesadilla,4.25,Laura,Ferguson,Female,Pixonyx,Electrical Engineer
810,2,Burrito,9.99,Kathleen,Perry,Female,Aimbu,Design Engineer
80,4,Quesadilla,4.25,George,Mason,Male,Jaxworks,Engineer I
155,3,Taco,2.99,Carolyn,Diaz,Female,Gigazoom,Database Administrator III
488,2,Burrito,9.99,Marie,Burke,Female,Realblab,Internal Auditor
482,1,Sushi,3.99,Cheryl,Hunt,Female,Linklinks,Senior Developer
495,2,Burrito,9.99,Deborah,Little,Female,Babbleblab,VP Accounting
188,8,Salad,11.25,Earl,Parker,Male,Gigazoom,Nurse
861,5,Pizza,2.49,Kenneth,Smith,Male,Latz,Research Assistant III
305,2,Burrito,9.99,Shawn,Porter,Male,Twinder,Payment Adjustment Coordinator
869,7,Steak,24.99,Paul,Carpenter,Male,Feedfire,Project Manager
131,1,Sushi,3.99,Margaret,Porter,Female,Eazzy,Sales Associate
520,7,Steak,24.99,Melissa,Wallace,Female,Skyvu,Administrative Officer
208,4,Quesadilla,4.25,Bonnie,Rice,Female,Eamia,Cost Accountant
145,5,Pizza,2.49,Doris,Wagner,Female,Browsezoom,Graphic Designer
495,2,Burrito,9.99,Deborah,Little,Female,Babbleblab,VP Accounting
794,6,Pasta,13.99,Bobby,Peterson,Male,Fivespan,Financial Analyst
734,10,Drink,1.75,Robin,Thomas,Female,Izio,Account Coordinator
540,3,Taco,2.99,Jessica,Hicks,Female,Cogibox,Structural Analysis Engineer
735,2,Burrito,9.99,Eugene,Elliott,Male,Meedoo,VP Marketing
940,8,Salad,11.25,Bonnie,Bowman,Female,Avavee,Internal Auditor
571,7,Steak,24.99,David,Collins,Male,Midel,Assistant Professor
888,2,Burrito,9.99,Jimmy,Wright,Male,Npath,Analog Circuit Design manager
664,6,Pasta,13.99,Donna,Butler,Female,Miboo,Community Outreach Specialist
343,7,Steak,24.99,Joe,Price,Male,Fanoodle,Marketing Manager
143,4,Quesadilla,4.25,Christopher,Long,Male,Mybuzz,Accounting Assistant III
505,3,Taco,2.99,Douglas,Edwards,Male,Jabbersphere,Recruiting Manager
54,8,Salad,11.25,Amanda,Berry,Female,Jaxspan,Automation Specialist III
959,2,Burrito,9.99,Laura,Ferguson,Female,Pixonyx,Electrical Engineer
367,8,Salad,11.25,Mildred,Carr,Female,Jabberbean,Account Executive
883,8,Salad,11.25,Sarah,Kim,Female,Topicshots,Cost Accountant
251,9,Donut,0.99,Joseph,Anderson,Male,Quinu,Administrative Officer
855,4,Quesadilla,4.25,Mildred,Watson,Female,Yodel,Product Engineer
233,3,Taco,2.99,Robin,Lopez,Female,Wordpedia,Editor
559,10,Drink,1.75,Jeffrey,Henry,Male,Brightdog,Environmental Tech
734,1,Sushi,3.99,Robin,Thomas,Female,Izio,Account Coordinator
677,3,Taco,2.99,Richard,Martin,Male,Gabtype,Analog Circuit Design manager
276,4,Quesadilla,4.25,Kimberly,Olson,Female,Voonyx,Occupational Therapist
45,8,Salad,11.25,Earl,Marshall,Male,Agivu,Dental Hygienist
945,4,Quesadilla,4.25,Anne,Reed,Female,Twitterworks,Director of Sales
783,10,Drink,1.75,Phyllis,Meyer,Female,Voolia,Information Systems Manager
556,10,Drink,1.75,Samuel,Bailey,Male,Oyoloo,Nurse
547,9,Donut,0.99,Tina,Watkins,Female,Thoughtstorm,Accountant II
252,9,Donut,0.99,Douglas,Powell,Male,Jetwire,Geologist IV
249,6,Pasta,13.99,Anthony,Carpenter,Male,Shuffletag,Health Coach I
